Workbook

Sheet Task Sheet
A1: S.No | B1: Project / Plan | C1: Task No. | D1: Task Title | E1: What We Need To Do | F1: Category | G1: Priority | H1: Date | I1: Status | J1: Remarks
A2: 1 | B2: Device/Board/Channel Hierarchy | C2: 1 | D2: Set up automated testing | E2: Set up a dedicated test project for the solution, so new logic (starting with the address-encoding utility below) can be verified with automated unit tests instead of manual checks only. | F2: Testing / Infra | G2: Medium | H2: 46240 | I2: Completed | J2: Completed
A3: 2 | B3: Device/Board/Channel Hierarchy | C3: 2 | D3: Build the board+channel address codec | E3: Design and build a small utility that packs a board number (1-8) and a channel number (1-8) into a single wire-protocol address byte, and unpacks it back again, so hardware commands can address the right board and channel on a device. | F3: Protocol (Wire Encoding) | G3: High | H3: 46240 | I3: Completed | J3: Completed
A4: 3 | B4: Device/Board/Channel Hierarchy | C4: 3 | D4: Introduce the SecondaryBoard concept | E4: Add a new 'SecondaryBoard' level to the data model, sitting between Device and Channel, so a single device can have multiple boards, each carrying its own set of channels. | F4: Data Model | G4: High | H4: 46240 | I4: Completed | J4: Completed
A5: 4 | B5: Device/Board/Channel Hierarchy | C5: 4 | D5: Rename Circuit to Channel in the data model | E5: Rename the existing 'Circuit' concept to 'Channel' across the data model, and link every channel to the board it belongs to, using 1-8 numbering instead of the old 0-indexed scheme. | F5: Data Model | G5: High | H5: 46240 | I5: Completed | J5: Completed
A6: 5 | B6: Device/Board/Channel Hierarchy | C6: 5 | D6: Update channel data-transfer objects | E6: Update the DTOs used to move channel data between application layers so they carry the new board number alongside the channel number. | F6: Data Model | G6: Medium | H6: 46240 | I6: Completed | J6: Completed
A7: 6 | B7: Device/Board/Channel Hierarchy | C7: 6 | D7: Update remaining DTOs and entities | E7: Update every other DTO and entity that currently identifies a channel by the old numbering scheme, so the whole application consistently uses the new board+channel identifiers. | F7: Data Model | G7: Medium | H7: 46240 | I7: Completed | J7: Completed
A8: 7 | B8: Device/Board/Channel Hierarchy | C8: 7 | D8: Update the database context | E8: Update the EF Core database context to register the new SecondaryBoards table and rename the Circuits table/set to Channels. | F8: Data Layer (EF Core) | G8: Medium | H8: 46240 | I8: Completed | J8: Completed
A9: 8 | B9: Device/Board/Channel Hierarchy | C9: 8 | D9: Write the database migration and data backfill | E9: Write a database migration that adds the new board/channel structure and safely migrates existing data into the new 1-8 numbering, with a safety check that stops the migration if any existing device would overflow the new 8-channel cap. | F9: Data Layer (EF Core Migration) | G9: High | H9: 46240 | I9: Completed | J9: Completed
A10: 9 | B10: Device/Board/Channel Hierarchy | C10: 9 | D10: Update the repository layer for board-scoped access | E10: Update the data-access (repository) layer so lookups are scoped by board as well as by device and channel, and rename it to match the new Channel terminology. | F10: Data Layer (Repository) | G10: Medium | H10: 46241 | I10: Completed | J10: Completed
A11: 10 | B11: Device/Board/Channel Hierarchy | C11: 10 | D11: Update protocol encode/decode logic | E11: Update the service that builds and parses hardware protocol packets so every command sent or response received uses the new board+channel address encoding. | F11: Protocol (Decoder) | G11: High | H11: 46241 | I11: Completed | J11: Completed
A12: 11 | B12: Device/Board/Channel Hierarchy | C12: 11 | D12: Update the in-memory channel manager | E12: Update the in-memory registry that tracks live channel connections so it's keyed by device, board, and channel together, supporting multiple boards per device correctly. | F12: Service Layer | G12: High | H12: 46241 | I12: Completed | J12: Completed
A13: 12 | B13: Device/Board/Channel Hierarchy | C13: 12 | D13: Update the per-channel command handler | E13: Update the component responsible for sending commands to and reading responses from an individual channel, so it operates against the new board+channel model. | F13: Service Layer | G13: Medium | H13: 46241 | I13: Completed
A14: 13 | B14: Device/Board/Channel Hierarchy | C14: 13 | D14: Update the device API controller | E14: Update the web API controller that exposes device/channel operations so every request and response uses the new board+channel identifiers end to end. | F14: Web API / Controller | G14: Medium | H14: 46241 | I14: Completed
A15: 14 | B15: Device/Board/Channel Hierarchy | C15: 14 | D15: Update the dashboard UI | E15: Update the web dashboard so channel cards, filters, and view preferences reflect the new board+channel hierarchy, with cards sorted by device, then board, then channel. | F15: Web UI (Blazor Dashboard) | G15: Medium | H15: 46241 | I15: Completed
A16: 15 | B16: Device/Board/Channel Hierarchy | C16: 15 | D16: Confirm the packet analyzer needs no change | E16: Check whether the packet-analysis components need any updates for the new addressing scheme, since they parse the general packet structure rather than channel identifiers specifically. | F16: Protocol (Verification) | G16: Low | H16: 46241 | I16: Completed
A17: 16 | B17: Device/Board/Channel Hierarchy | C17: 16 | D17: Full solution build and regression pass | E17: Build the whole solution, apply the migration against a test database, and run a full manual regression pass (device registration, live data, session close) to confirm the new hierarchy works end to end. | F17: QA / Full-Solution Verification | G17: High | H17: 46241 | I17: Completed
A18: 17 | B18: TCP Connection Multiplexing | C18: 1 | D18: Build a shared device connection | E18: Design and build a component that owns a single TCP connection per device, handling write serialization (so commands to different channels don't collide) and matching each response back to the channel that asked for it, by address byte. | F18: Protocol / Networking (TCP) | G18: High | H18: 46244 | I18: Completed
A19: 18 | B19: TCP Connection Multiplexing | C19: 2 | D19: Multiplex channels over one connection | E19: Update the channel manager so every channel belonging to the same device shares that one device connection, with a persistent read loop that distributes incoming data to the right channel — replacing the current one-connection-per-channel approach. | F19: Protocol / Networking (TCP) | G19: High | H19: 46244 | I19: Completed
A20: 19 | B20: TCP Connection Multiplexing | C20: 3 | D20: Update the channel handler to use the shared connection | E20: Update the per-channel command handler so it no longer opens its own socket, and instead sends and receives everything through its device's shared connection. | F20: Protocol / Networking (TCP) | G20: High | H20: 46244 | I20: Completed
A21: 20 | B21: TCP Connection Multiplexing | C21: 4 | D21: Verify multiplexing with an integration test | E21: Write a test that confirms two channels on the same device correctly share one connection, and that marking one channel disconnected doesn't affect the others incorrectly. | F21: Testing / Integration | G21: Medium | H21: 46244 | I21: Completed
A22: 21 | B22: TCP Connection Multiplexing | C22: 5 | D22: Full solution verification and hardware validation | E22: Build and test the whole solution, confirm nothing bypasses the shared connection with a private socket, and validate against real or simulated hardware that multiple channels can register and operate correctly over one shared connection — including that dropping the connection takes all its channels offline together and reconnecting restores their state. | F22: QA / Full-Solution Verification | G22: High | H22: 46244 | I22: Completed
A23: 22 | B23: TCP Connection Multiplexing | C23: 6 | D23: Handle TCP connection state correctly on reconnect | E23: Fix TCP connection lifecycle handling during reconnects. Detect and close stale/existing connections, update connection state when disconnected, and ensure the UI reflects the disconnected state instead of continuing to show tcp_connected = true. | F23: Protocol / Networking (TCP) | G23: High | H23: 46245 | I23: Completed | J23: New Bug Found
A24: 23 | B24: TCP Connection Multiplexing | C24: 7 | D24: Fix callback mismatch for multiple commands | E24: Fix response/callback matching when multiple commands are processed concurrently over the shared TCP connection. Ensure each response is correctly associated with the correct command and channel. | F24: Protocol / Networking (TCP) | G24: High | H24: 46245 | I24: Completed | J24: New Bug Found
A25: 24 | B25: Hardware Simulator | C25: 1 | D25: Update the hardware simulator | E25: Update the test device simulator so it speaks the new board+channel addressing and registers multiple channels over a single shared connection, matching the updated protocol and connection behavior, then validate it end-to-end against the updated system. | F25: Hardware / Simulator | G25: Medium | H25: 46245 | I25: Completed | J25: Planned on 10-08-2026, Completed on 10-08-2026
A26: 25 | B26: TCP Connection Multiplexing | C26: 8 | D26: Verify multiplexing at full 64-channel scale | E26: Run the full bulk-Transfer-then-bulk-Start workflow across all 64 channels on a single device (not just a small pre-configured subset), to confirm the connection-multiplexing fixes hold correctly under full concurrent load end to end. | F26: QA / Full-Solution Verification | G26: High | H26: 46245 | I26: Completed | J26: User independently re-verified and confirmed working as expected
A27: 26 | B27: TCP Connection Multiplexing | C27: 9 | D27: Optimize dashboard rendering for 64-channel scale | E27: Fix dashboard UI freeze observed under a 64-channel device: row-virtualize the channel grid so only visible cards render, batch per-card render dispatches instead of firing one at a time, and defer loading Manufacturing/Factory/Program detail until a card detail dialog is actually opened. | F27: Web UI (Blazor Dashboard) | G27: High | H27: 46245 | I27: Completed | J27: Verified live against 64-channel device and HardwareSimulator; build clean, 29/29 tests passing
A28: 27 | B28: Hardware Simulator | C28: 2 | D28: Fix chunked program/DBC transfer + add CoreEngine for real program execution | E28: Fix HardwareSimulator dropping chunked program/DBC data sent from the UI (was logging and discarding every chunk instead of reassembling it), and replace the simulator's random dummy telemetry with a CoreEngine that actually executes the uploaded program's real steps (SET/REG registration, CC/CV/CP/CCCV charge+discharge setpoints, TABLE rows, PAU duration, GOTO/STO), evaluating real Limit cutoffs and sending/storing data tagged per step like real hardware. Live-verified end-to-end via the unauthenticated DeviceController REST API (SendProgram/Start/GetLiveData) against a real program in the dev DB, which caught and fixed 5 additional real bugs: a 2-byte length prefix before the program byte stream, SET/REG's lack of a trailing registrations block, Time-cutoff limits needing int32 ms (not float32) decoding, the simulator never transitioning off RUNNING status after a program finished (causing repeated EndSession log-spam), and post-completion telemetry incorrectly falling back to random noise instead of holding idle/zero. Confirmed DBC transfer already correctly sends only when present and ignores otherwise (existing server code, no change needed there). | F28: Hardware / Simulator | G28: High | H28: 46245 | I28: Completed | J28: CoreEngine + chunk-reassembly design/plan/impl done and live-verified (session #6); pytest 17/17, dotnet test 29/29 passing; follow-up backlog: T-11 (GetLiveData staleness/latency at 64ch scale), registration->bitmask mapping stub, DBC signal consumption downstream
A29: 28 | B29: Live-Test Bugfixes | C29: 1 | D29: Fix device registration foreign-key crash | E29: Fixed a crash during device registration caused by a foreign-key constraint violation, so new devices register successfully. | F29: Data Layer (EF Core) | G29: High | H29: 46246 | I29: Completed | J29: Live-tested and verified
A30: 29 | B30: Live-Test Bugfixes | C30: 2 | D30: Fix program-completion button lockout | E30: Fixed a status mismatch that locked out the Start/Stop buttons after a program finished running, so operators can start a new run without refreshing the page. | F30: Service Layer | G30: High | H30: 46246 | I30: Completed
A31: 30 | B31: Live-Test Bugfixes | C31: 3 | D31: Fix channel-filter tree default state | E31: Fixed the channel filter tree so it opens in the correct default (collapsed) state instead of an inconsistent one. | F31: Web UI (Blazor Dashboard) | G31: Medium | H31: 46246 | I31: Completed
A32: 31 | B32: Live-Test Bugfixes | C32: 4 | D32: Fix card-settings preview mismatch | E32: Fixed a mismatch between the card-settings preview and how a dashboard card actually renders, so what the user previews matches the real result. | F32: Web UI (Blazor Dashboard) | G32: Medium | H32: 46246 | I32: Completed | J32: 1 related item deferred pending a design decision
A33: 32 | B33: Customer Deployment Documentation | C33: 1 | D33: Write customer-site installation documentation | E33: Wrote a full documentation set for installing the system at a customer site: IIS and Docker deployment steps, application configuration, and database backup/restore procedures. | F33: Documentation | G33: Medium | H33: 46248 | I33: Completed
A34: 33 | B34: UI Bug Fixes & QA Documentation | C34: 1 | D34: Fix table-upload success shown as error | E34: Fixed a bug where a successful table file upload was incorrectly shown to the user as a failure message. | F34: Web UI (Blazor Dashboard) | G34: Medium | H34: 46251 | I34: Completed
A35: 34 | B35: UI Bug Fixes & QA Documentation | C35: 2 | D35: Fix Program Editor view-table dialog | E35: Fixed the view-table dialog in the Program Editor, which was not opening/displaying the uploaded table data. | F35: Web UI (Blazor Dashboard) | G35: Medium | H35: 46251 | I35: Completed
A36: 35 | B36: UI Bug Fixes & QA Documentation | C36: 3 | D36: Update UAT bug tracker remarks | E36: Reviewed and updated the UAT bug tracker (UATBUG.xlsx) with verification remarks for bug reports SR 78 through SR 138. | F36: Documentation | G36: Medium | H36: 46251 | I36: Completed
A37: 36 | B37: UI Bug Fixes & QA Documentation | C37: 4 | D37: Allow secondary board 0 in device registration | E37: Fixed device registration so a secondary board numbered 0 can be registered correctly, matching a valid hardware topology that was previously rejected. | F37: Protocol (Wire Encoding) | G37: High | H37: 46251 | I37: Completed
A38: 37 | B38: System Documentation & Dashboard Polish | C38: 1 | D38: Write system flow & block diagram documentation | E38: Documented the full system lifecycle end-to-end, from device registration through data storage, with block diagrams for future reference. | F38: Documentation | G38: Medium | H38: 46252 | I38: Completed
A39: 38 | B39: System Documentation & Dashboard Polish | C39: 2 | D39: Fix dashboard card row edge spacing | E39: Fixed inconsistent spacing around the edges of the dashboard's card rows. | F39: Web UI (Blazor Dashboard) | G39: Low | H39: 46252 | I39: Completed
A40: 39 | B40: System Documentation & Dashboard Polish | C40: 3 | D40: Show full Circuit ID in Circuit Records | E40: Updated Circuit Records so the Circuit ID column and related dialogs show the full device-board-channel identifier instead of a partial one. | F40: Web UI (Blazor Dashboard) | G40: Low | H40: 46252 | I40: Completed
A41: 40 | B41: System Documentation & Dashboard Polish | C41: 4 | D41: Add Online-count chip and Online filter | E41: Added an Online: N count chip to the dashboard header, plus the ability to filter the grid to only online channels. | F41: Web UI (Blazor Dashboard) | G41: Medium | H41: 46252 | I41: Completed
A42: 41 | B42: System Documentation & Dashboard Polish | C42: 5 | D42: Clean up hardware simulator config and add docs | E42: Removed dead/unused configuration options from the hardware simulator, corrected outdated protocol documentation, and wrote a README for the simulator tool. | F42: Hardware / Simulator | G42: Low | H42: 46252 | I42: Completed
A43: 42 | B43: System Documentation & Dashboard Polish | C43: 6 | D43: Harden hardware listener resilience | E43: Made the hardware TCP/UDP listeners self-recover from failures automatically (retry with backoff) instead of needing a manual app restart, and fixed a scenario where one bad network packet could silently kill a listener. | F43: Protocol / Networking (TCP) | G43: High | H43: 46252 | I43: Completed | J43: Live hardware verification still pending
A44: 43 | B44: System Documentation & Dashboard Polish | C44: 7 | D44: Build alarm & notification system | E44: Built the navbar alarm bell end-to-end: an alarm log, an alarm engine with cooldown/mute rules, automatic alerts for communication loss/storage failure/channel errors, and a new notification settings page. | F44: Feature / Notifications | G44: High | H44: 46252 | I44: Completed | J44: Live hardware verification still pending
A45: 44 | B45: System Documentation & Dashboard Polish | C45: 8 | D45: Fix data-conflict crash under high channel load | E45: Fixed a crash that occurred when many channels (64+) reported hardware events at the same time, caused by overlapping database calls; events are now batched safely. | F45: Service Layer | G45: High | H45: 46252 | I45: Completed
A46: 45 | B46: System Documentation & Dashboard Polish | C46: 9 | D46: Verify concurrency fix and improve dashboard selection | E46: Live-verified the high-channel-load crash fix with a real logged-in session and confirmed no errors; also fixed the dashboard's channel-selection tree so device, board, and channel each show at their own indent level, and added a filter-aware Select All/Clear option. | F46: QA / Full-Solution Verification | G46: Medium | H46: 46252 | I46: Completed
A47: 46 | B47: Test Coverage Expansion | C47: 1 | D47: Add unit tests for core calculation logic | E47: Added automated unit tests covering core calculation logic (address encoding, data down-sampling, and dashboard render batching). | F47: Testing / Infra | G47: Medium | H47: 46253 | I47: Completed
A48: 47 | B48: Test Coverage Expansion | C48: 2 | D48: Add unit tests for the data-access layer | E48: Added automated tests for the data-access (repository) layer, running against a real in-memory database to catch real query issues. | F48: Testing / Infra | G48: Medium | H48: 46253 | I48: Completed
A49: 48 | B49: Test Coverage Expansion | C49: 3 | D49: Add component tests for the channel filter UI | E49: Added automated component-level tests that render the actual channel-filter UI component, to catch UI regressions early. | F49: Testing / Infra | G49: Medium | H49: 46253 | I49: Completed
A50: 49 | B50: Test Coverage Expansion | C50: 4 | D50: Extract and test dashboard selection logic | E50: Refactored the dashboard's channel-selection logic into its own testable unit and added a full set of unit tests around it. | F50: Testing / Infra | G50: Medium | H50: 46253 | I50: Completed
A51: 50 | B51: Dashboard Card & Dialog Enhancements | C51: 1 | D51: Fix uneven card spacing on dashboard grid | E51: Fixed uneven spacing at the bottom of dashboard cards so every card row has consistent, equal spacing on all sides. | F51: Web UI (Blazor Dashboard) | G51: Medium | H51: 46253 | I51: Completed
A52: 51 | B52: Dashboard Card & Dialog Enhancements | C52: 2 | D52: Remove unused Download Details menu option | E52: Removed the Download Details option from a card's right-click menu, since it didn't actually download anything and wasn't part of the intended workflow. | F52: Web UI (Blazor Dashboard) | G52: Low | H52: 46253 | I52: Completed
A53: 52 | B53: Dashboard Card & Dialog Enhancements | C53: 3 | D53: Show last-synced date and add fetch-from-device option | E53: Manufacturing and Factory detail tabs in the card dialog now show data from the database by default along with a last-synced date, and offer a Fetch-from-device button (only when the circuit is idle) to pull the latest live data and refresh both the database and the on-screen details. | F53: Web UI (Blazor Dashboard) | G53: High | H53: 46253 | I53: Completed | J53: Live-verified with a device simulator; fetch correctly updates the database
A54: 53 | B54: Dashboard Card & Dialog Enhancements | C54: 4 | D54: Polish card dialog layout and Battery tab arrangement | E54: Improved the overall layout and spacing of the card detail dialog, and reorganized the Battery tab to match the cleaner look of the other tabs. | F54: Web UI (Blazor Dashboard) | G54: Medium | H54: 46253 | I54: Completed
A55: 54 | B55: Dashboard Card & Dialog Enhancements | C55: 5 | D55: Fix Battery tab showing one column instead of a grid | E55: Fixed a display bug where the Battery tab's fields were stacking in a single column with oversized empty space, instead of showing in a proper multi-column grid like the other tabs. | F55: Web UI (Blazor Dashboard) | G55: Medium | H55: 46253 | I55: Completed | J55: Found during live verification of the item above
A56: 55 | B56: Dashboard Card & Dialog Enhancements | C56: 6 | D56: Fix empty field boxes rendering at the wrong size | E56: Fixed a display bug across the card dialog where a field box with no data showed noticeably shorter than a field box that had data, so all field boxes are now a consistent size regardless of content. | F56: Web UI (Blazor Dashboard) | G56: Low | H56: 46253 | I56: Completed
A57: 56 | B57: Dashboard Card & Dialog Enhancements | C57: 7 | D57: Remove Download button from Manufacturing/Factory tabs | E57: Removed the Download button from the Manufacturing and Factory detail tabs per feedback that it isn't needed for the intended use case; the Fetch-from-device option remains. | F57: Web UI (Blazor Dashboard) | G57: Low | H57: 46253 | I57: Completed
A58: 57 | B58: Dashboard Card & Dialog Enhancements | C58: 8 | D58: Add Save button to quick Card Settings dialog | E58: Added a Save button to the dashboard's quick per-card settings dialog so changes (card size, font size, decimal places, display mode, visible properties) stay temporary and only apply to the dashboard once Save is clicked; closing the dialog without saving discards them. | F58: Web UI (Blazor Dashboard) | G58: Medium | H58: 46254 | I58: Completed | J58: Live-verified with a device simulator: draft-only edits, Save commits to the dashboard, closing without Save discards the change
A59: 58 | B59: Dashboard Card & Dialog Enhancements | C59: 9 | D59: Fix invisible Voltage/Current lines on Chart-mode cards | E59: Fixed the Chart display-mode dashboard card so its Voltage/Current lines actually render - they were being drawn with real data but were invisible because the chart colors were never defined anywhere in the stylesheet. | F59: Web UI (Blazor Dashboard) | G59: High | H59: 46254 | I59: Completed | J59: Live-verified with a device simulator: lines now render and animate with live telemetry
A60: 59 | B60: Dashboard Card & Dialog Enhancements | C60: 10 | D60: Add a readable value scale to the Chart card | E60: Improved the Chart card so its Voltage and Current lines share one common scale and display their live numeric values, instead of each line being stretched independently to fill the chart in a way that made the two lines impossible to compare or read. | F60: Web UI (Blazor Dashboard) | G60: Medium | H60: 46254 | I60: Completed | J60: Live-verified with a device simulator at multiple card sizes
A61: 60 | B61: Workflow Canvas (Experimental) | C61: T-47 | D61: Workflow Canvas Playground (n8n-style) | E61: Built experimental n8n-style workflow canvas (drag/drop device→board→channel nodes, live telemetry, JSON layouts, new Workflows menu). Branch feat/workflow-canvas-experiment - NOT merged to main, keep separate per D14/D15. 6 phases complete (isolation, lane layout + LOD + property picker, selection + hardware actions, board consolidation + animation, toolbar/legend/refresh, home landing + exclusivity). Battery cell redesign (T-48) completed as follow-on. 639 tests, live-verified. | F61: Web UI (Blazor - Experimental Canvas) | G61: Medium | H61: 46256 | I61: Completed | J61: Experimental branch - do not merge without explicit decision. All 6 phases + battery cell complete, live-verified against simulator.
A62: 61 | B62: Workflow Canvas (Experimental) | C62: T-48 | D62: Channel node as battery cell with live data | E62: Redesigned canvas channel node as login-page battery cell with cap-mounted channel number, dashboard card RenderNormal arrangement inside, segment-march fill animation driven by CircuitStatus (idle shows STOP), translucent fill (20% alpha) so values stay readable. Measured height (chrome 114px, heading 19, row 15, gap 1; all 28 properties = 520px exact). 9 feature commits + spec/plan + 7 follow-up rounds (row spacing tracks selected fields, new channels land beside siblings). | F62: Web UI (Blazor - Experimental Canvas) | G62: Medium | H62: 46261 | I62: Completed | J62: Follow-on to T-47, same experimental branch. Live-verified at 1-device/8-channel bench.
A63: 62 | B63: Feature Flags & Tab Navigation | C63: T-49 | D63: Dashboard default, Workflows optional navigation | E63: Restored DashboardView.razor (Home tab) as default landing view after login. Workflow Canvas remains accessible as optional nav entry (not forced on sign-in). Fixed WorkflowDefaultTab priority: LegacyDashboard=true now wins even when WorkflowCanvas=true. Updated appsettings.Development.json (LegacyDashboard: true, WorkflowCanvas: true). Updated unit tests to match new priority logic. | F63: Web UI (Blazor Feature Flags) | G63: High | H63: 46266 | I63: Completed | J63: Merged feat/workflow-canvas-experiment to main with --no-ff. Zero impact on existing home/dashboard flow verified before merge.
A64: 63 | B64: Test Coverage - Protocol | C64: T-50 | D64: DecoderService.ConvertProgramIntoBytesPackets test coverage | E64: Created comprehensive unit test suite (25 tests) for program-to-byte-packet encoding: per-operator bodies (STO/SET/REG/GOTO/PAU/CC_CHG etc), time-to-milliseconds conversion, float encoding, limit/action/registration order, frame structure (AA 55 header, 4-byte BE cumulative offset, 55 AA footer). Found 4 implementation behaviors worth documenting: ExpandProducerSteps renumbers caller steps in-place, RStandards sync fallback to default mask 24577, unresolved GOTO falls through to StepNumber+1, nominal count not on wire. | F64: Testing / Protocol Wire Encoding | G64: Medium | H64: 46267 | I64: Completed | J64: 664 tests passing (from 639). All operators verified correct. Documented 4 gotchas for future refactoring.
A65: 64 | B65: Workflow Canvas (Experimental) | C65: T-47 | D65: Workflow Canvas Playground (n8n-style) | E65: Built experimental n8n-style workflow canvas (drag/drop device->board->channel nodes, live telemetry, JSON layouts, new Workflows menu). Branch feat/workflow-canvas-experiment - NOT merged to main, keep separate per D14/D15. 6 phases complete (isolation, lane layout + LOD + property picker, selection + hardware actions, board consolidation + animation, toolbar/legend/refresh, home landing + exclusivity). Battery cell redesign (T-48) completed as follow-on. 639 tests, live-verified. | F65: Web UI (Blazor - Experimental Canvas) | G65: Medium | H65: 46256 | I65: Completed | J65: Experimental branch - do not merge without explicit decision. All 6 phases + battery cell complete, live-verified against simulator.
A66: 65 | B66: Workflow Canvas (Experimental) | C66: T-48 | D66: Channel node as battery cell with live data | E66: Redesigned canvas channel node as login-page battery cell with cap-mounted channel number, dashboard card RenderNormal arrangement inside, segment-march fill animation driven by CircuitStatus (idle shows STOP), translucent fill (20% alpha) so values stay readable. Measured height (chrome 114px, heading 19, row 15, gap 1; all 28 properties = 520px exact). 9 feature commits + spec/plan + 7 follow-up rounds (row spacing tracks selected fields, new channels land beside siblings). | F66: Web UI (Blazor - Experimental Canvas) | G66: Medium | H66: 46261 | I66: Completed | J66: Follow-on to T-47, same experimental branch. Live-verified at 1-device/8-channel bench.
A67: 66 | B67: Feature Flags & Tab Navigation | C67: T-49 | D67: Dashboard default, Workflows optional navigation | E67: Restored DashboardView.razor (Home tab) as default landing view after login. Workflow Canvas remains accessible as optional nav entry (not forced on sign-in). Fixed WorkflowDefaultTab priority: LegacyDashboard=true now wins even when WorkflowCanvas=true. Updated appsettings.Development.json (LegacyDashboard: true, WorkflowCanvas: true). Updated unit tests to match new priority logic. | F67: Web UI (Blazor Feature Flags) | G67: High | H67: 46266 | I67: Completed | J67: Merged feat/workflow-canvas-experiment to main with --no-ff. Zero impact on existing home/dashboard flow verified before merge.
A68: 67 | B68: Test Coverage - Protocol | C68: T-50 | D68: DecoderService.ConvertProgramIntoBytesPackets test coverage | E68: Created comprehensive unit test suite (25 tests) for program-to-byte-packet encoding: per-operator bodies (STO/SET/REG/GOTO/PAU/CC_CHG etc), time-to-milliseconds conversion, float encoding, limit/action/registration order, frame structure (AA 55 header, 4-byte BE cumulative offset, 55 AA footer). Found 4 implementation behaviors worth documenting: ExpandProducerSteps renumbers caller steps in-place, RStandards sync fallback to default mask 24577, unresolved GOTO falls through to StepNumber+1, nominal count not on wire. | F68: Testing / Protocol Wire Encoding | G68: Medium | H68: 46267 | I68: Completed | J68: 664 tests passing (from 639). All operators verified correct. Documented 4 gotchas for future refactoring.
A69: 68 | B69: Onboarding & Handover | C69: T-51 | D69: Project walkthrough and codebase orientation (KT from Deepak Chougale) | E69: Received a knowledge-transfer session from Deepak Chougale covering the overall WebAppME architecture (Device -> SecondaryBoard -> Channel hierarchy, TCP connection multiplexing, and the protocol encode/decode flow) and the current in-progress feature branches, to prepare for taking over active development on the project. | F69: Onboarding / KT | G69: Medium | H69: 46272 | I69: Completed | J69: Week 1 (7-11 Sep): KT and handover process from Deepak Chougale
A70: 69 | B70: Onboarding & Handover | C70: T-52 | D70: KT on battery-parameter feature (Program Editor Sec 12.3 tokens) | E70: Walked through Deepak Chougale's in-progress battery-parameter work: the Sec 12.3 bare INTERN[] token support (CNom/NoCell/UGas/UMax/UNom/CutOff/INom/ICrank/ChargeF/EDensity) added to the Program Editor, the confirmed protocol limitation blocking Ramp/Resistance support, and the BatteryUnitResolver/ProgramBuilder SET-variable substitution path those tokens reuse. | F70: Protocol (Wire Encoding) | G70: Medium | H70: 46273 | I70: Completed
A71: 70 | B71: Onboarding & Handover | C71: T-53 | D71: KT on Program Editor and protocol decode/encode internals | E71: Continued handover with a walkthrough of DecoderService's packet encode/decode dispatch, ProgramBuilder's step-processing pipeline, and how the Program Editor step grid maps onto the wire-protocol operator/cutoff/registration model. | F71: Protocol (Decoder) | G71: Medium | H71: 46274 | I71: Completed
A72: 71 | B72: Onboarding & Handover | C72: T-54 | D72: KT on documentation set and traceability structure | E72: Reviewed the newly added CMMI Level 3 documentation suite (ADD, DDD, DBD, ICD, SRS, RTM, PMP, CMP, QAP, RMP, VVP, Calibration) and the CHANGELOG/INDEX structure with Deepak Chougale, to understand how the project's documentation and requirement traceability are organized. | F72: Documentation | G72: Medium | H72: 46275 | I72: Completed
A73: 72 | B73: Onboarding & Handover | C73: T-55 | D73: Handover wrap-up: audited and corrected the CMMI documentation suite against actual code | E73: Closed out the KT/handover week by independently auditing the new CMMI documentation suite against the real codebase and fixing what didn't match: removed 2 dead links in INDEX.md, corrected a false 'PROTOCOL.md updated' claim, fixed a wrong filename reference, rewrote DBD.md from the real entity/migration model (added the missing SecondaryBoards/AlarmLog/ExportRecords/WorkflowDbContext tables and removed a duplicated section), and swept 8 docs for stale CircuitManager/CircuitCommandHandler naming. Also refreshed ARCHITECTURE.md and CODEBASE_MAP.md to current. | F73: Documentation | G73: Medium | H73: 46276 | I73: Completed | J73: Docs-only; build 0 errors, 771/771 tests unchanged. Handover from Deepak Chougale complete.
A74: 73 | B74: Program Step Control | C74: T-56 | D74: Ramp-up and planning for the CC_ReChg operator | E74: First week working independently after handover: reviewed open protocol/backlog items and planned the CC_ReChg step operator addition (the requested opcode 0x14 conflicts with the existing PRODUCER operator, so it was rescoped to opcode 21 / 0x15). | F74: Protocol (Wire Encoding) | G74: Low | H74: 46279 | I74: Completed
A75: 74 | B75: Program Step Control | C75: T-57 | D75: Add CC_ReChg step operator (opcode 21 / 0x15) | E75: Registered a new CC_ReChg step operator, encoded and processed identically to the existing CC_Chg operator: OperatorConstants.cs (const, Operators list, ToName, LimitActionAllowed, NominalConfig with the same battery-relative unit shape), PacketAnalyzer/PacketAnalyzerNoReverse decode helpers, docs/PROTOCOL.md, and both independent Python mirrors in HardwareSimulator (program_decoder.py, simulator.py). DecoderService's encoding dispatch needed no change since unspecialized opcodes already fall through to the same generic path CC_CHG uses. | F75: Protocol (Wire Encoding) | G75: Medium | H75: 46280 | I75: Completed | J75: 775/775 .NET tests (+4), 18/18 Python tests (+1); merged via PR #33
A76: 75 | B76: Program Step Control | C76: T-58 | D76: Add Jump to Program Step (BM Program v3.2, Q10) | E76: Added a 'Jump to Step...' action to the Dashboard's per-circuit right-click context menu, enabled only while a program is running, sending the hardware's Q10 query (0x0A) to abandon the current step and resume from an operator-supplied step number without modifying the resident program. Added ProgramDataQuery.JumpToStep, a JumpToStepReason enum, a DecoderService STATUS+REASON decode case, a shared JumpStepValidator used by both the new JumpToStepDialog and ChannelCommandHandler.JumpToStepAsync, and PROTOCOL.md Sec 6.6 documentation. Planned first via EnterPlanMode/ExitPlanMode before writing code. | F76: Protocol / Networking (TCP) | G76: High | H76: 46281 | I76: Completed | J76: 793/793 tests (+18); unit-verified only, HardwareSimulator support not yet implemented
A77: 76 | B77: Program Step Control | C77: T-59 | D77: Implement Jump to Program Step (Q10) support in HardwareSimulator | E77: Live testing found Jump to Step silently did nothing against the simulator: an unhandled 0x0A query fell through to the generic response footer, which always replied STATUS=Success without moving the simulated step pointer (a false-positive, not a missing response). Added CoreEngine.jump_to_step (moves the step index, resets step-elapsed-time and the TABLE-row cursor, resets a loop's counter only when landing on its tracked BEG step) and a dedicated 0x0A branch plus a device.paused gate in simulator.py. | F77: Hardware / Simulator | G77: High | H77: 46282 | I77: Completed | J77: 26/26 Python tests passing (+8); .NET side unchanged at 793/793
A78: 77 | B78: Program Step Control | C78: T-60 | D78: Add Live Step Update (Q9, opcode 0x09) - dynamic program step execution | E78: Let an operator amend a running step's parameters (nominal values, cutoffs, registrations) from the dashboard while a program is running or paused, without persisting the change - the amendment is forwarded to hardware and discarded per the protocol spec. Added DecoderService.BuildLiveStepUpdatePacket (sharing the wire-format encoder with the whole-program encoder) and STATUS+REASON decode handling, ChannelCommandHandler.LiveStepUpdateAsync gated on Running/Paused with Primary-side REASON checks, a LiveStepUpdateDialog reusing the existing StepRow grid in a new session-only lock-operator mode, and matching CoreEngine.apply_live_step_update support in HardwareSimulator. | F78: Web UI (Blazor Dashboard) | G78: High | H78: 46283 | I78: Completed
A79: 78 | B79: Program Step Control | C79: T-61 | D79: Merge Jump to Step (Q10) and Live Step Update (Q9) into feature/program-step-control | E79: Merged feature/jump-to-program-step and feature/live-step-update-q9 into feature/program-step-control, resolving conflicts across DashboardView.razor, HardwareSimulator/simulator.py, CircuitEnums.cs, DecoderService.cs, PROTOCOL.md, and bm_program_v3.2.md. | F79: QA / Full-Solution Verification | G79: Medium | H79: 46286 | I79: Completed
A80: 79 | B80: Program Step Control | C80: T-62 | D80: Fix Jump to Step popup reopening itself for the last-targeted circuit | E80: Root-caused a bug where closing the Jump to Step dialog via its X button left the Dashboard's own open-state field stuck true, so the next unrelated re-render (selecting a circuit, submitting a Live Step Update, a telemetry tick) popped the dialog back open for whatever circuit it last targeted. Fixed by wiring Open/OpenChanged explicitly to forward to IsOpenChanged, matching the pattern already used correctly by LiveStepUpdateDialog and TransferDialog. | F80: Web UI (Blazor Dashboard) | G80: High | H80: 46286 | I80: Completed
A81: 80 | B81: Program Step Control | C81: T-63 | D81: Fix Q9 dialog resolving steps only from ExpandedProgramSteps | E81: ExpandedProgramSteps is only populated when a program has PRODUCER sub-steps, so the Live Step Update dialog and handler always reported 'no step is currently executing' for an ordinary program. Added LiveStepUpdateValidator.ResolveFullProgramSteps to centralize the same fallback convention already used elsewhere in the app, with regression tests, and widened the dialog to DialogSize.Full so the step-row grid renders without a horizontal scrollbar. | F81: Web UI (Blazor Dashboard) | G81: High | H81: 46286 | I81: Completed
A82: 81 | B82: Program Step Control | C82: T-64 | D82: Fix Q9 dialog re-populating with the last submitted amendment instead of the original step | E82: Live Step Update never writes back to the resident program by design, so reopening 'Edit Current Step' for the same still-executing step kept reverting a just-submitted change back to the pre-edit value. Added a cached LastLiveStepUpdate on ChannelCommandHandler (cleared on StartProgram), preferred by LiveStepUpdateDialog over the resident step whenever it matches the currently executing step number, with regression tests. | F82: Web UI (Blazor Dashboard) | G82: Medium | H82: 46286 | I82: Completed
A83: 82 | B83: LOCKAh / PERCAh Operator | C83: T-65 | D83: Design and begin implementation of LOCKAh/PERCAh program operators | E83: Designed the WebAppME-side implementation of the LOCKAh operator (stores the current Ah counter x a multiplier as a 100% reference) and the PERCAh cutoff condition (ends a regulating step at a percentage of that reference). Found the two upstream design docs assumed operator byte 0x14 was free, but it is already PRODUCER in WebAppME's own operator space (0x15 is CC_ReChg, added 2026-09-15) - resolved as LOCKAh = 0x16, confirmed with the user, and documented normatively so the byte value can't drift. Began implementation across OperatorConstants, ProgramEditor/ProgramViewer/OperatorBadge, ValidationHelper, DecoderService, PacketAnalyzer(s), ProgramBuilder, the HardwareSimulator's Python decoder/simulator, and PROTOCOL.md, on a new feature/lockah-percah-operator branch. | F83: Protocol (Wire Encoding) | G83: High | H83: 46286 | I83: In Progress | J83: Firmware-side opcode move (0x14 -> 0x16) flagged for the firmware owner to route; implementation continuing past this date
A84: 83 | B84: LOCKAh / PERCAh Operator | C84: T-66 | D84: Opcode analysis and finalize new operator byte (0x16) | E84: Analyzed the LOCKAh operator-byte conflict in WebAppME's operator space: both upstream design docs assumed opcode 0x14 was free, but it is already PRODUCER (0x15 is CC_ReChg, added 2026-09-15). Confirmed and finalized LOCKAh = 0x16 as the new operator byte, with PERCAh unchanged at 0x3E (cutoff condition, no conflict). Continued implementation across OperatorConstants, ProgramEditor/ProgramViewer/OperatorBadge, ValidationHelper, DecoderService, PacketAnalyzer(s), ProgramBuilder, and the HardwareSimulator's Python mirrors on feature/lockah-percah-operator. | F84: Protocol (Wire Encoding) | G84: High | H84: 46287 | I84: In Progress | J84: Continuation of T-65; opcode conflict analysis and the 0x16 resolution are documented in docs/superpowers/specs/2026-09-21-lockah-percah-webapp-design.md Sec 1. Firmware-side opcode move (0x14 -> 0x16) remains flagged for the firmware owner to route.
A85: 85 | B85: LOCKAh / PERCAh Operator | C85: T-67 | D85: Implement, verify and commit LOCKAh (0x16) operator and PERCAh (0x3E) cutoff condition | E85: Finished and committed the WebAppME implementation begun in T-65/T-66: LOCKAh operator (GOTO-shaped encoding, nominal validated >= 1.0), PERCAh cutoff condition (limit validated > 0, Limit-field autocomplete generalized to complete a truncated unit prefix), and SET "Ah ="/"Wh =" now emitting real wire-level global-parameter reset blocks (0x26/0x2A) instead of being purely in-app named variables. Fixed two issues found while live-testing in the running app: the pre-existing SET duplicate-variable check was rejecting a legitimate reuse of "Ah"/"Wh" across multiple SET steps (exempted both names across ValidationHelper, ProgramEditor and ProgramViewer), and SET's registration was hardcoded to STANDARD instead of inheriting the nearest preceding SET step's choice (same rule REG already used, now shared via one FindNearestPrecedingSet helper). Verified against a live-captured 7-step program from the running app - every packet length and byte value matches the reference program exactly (opcode 0x16, cutoff 0x3E, SET global-param blocks, inherited registration mask). Committed on a new feature/lockah-percah-webapp branch (off the shared tip of feature/program-step-control and feature/lockah-percah-operator). | F85: Protocol (Wire Encoding) | G85: High | H85: 46288 | I85: Completed | J85: dotnet build 0 errors, 860/860 .NET tests, 37/37 Python tests. Not yet merged into feature/program-step-control or main - still needs a PR. Firmware-side opcode move (0x14 -> 0x16) remains flagged for the firmware owner to route.
A86: 86 | B86: Web UI (Blazor Dashboard) | C86: T-68 | D86: Fix incorrect tooltip on the Program List edit button | E86: The pencil/edit button on the Program List page opens the full program editor, not a rename dialog, but its tooltip read "Rename". Relabeled to "Edit Program Details" to match the actual action. Found and fixed while working on the LOCKAh/PERCAh branch; committed separately since it's unrelated to that feature. | F86: Web UI (Blazor Dashboard) | G86: Low | H86: 46288 | I86: Completed
A87: 87 | B87: Protocol (Wire Encoding) | C87: T-69 | D87: Clarify CRC byte-order convention in DecoderService | E87: Added an inline comment to DecoderService.AppendCrc (the low/high CRC byte append) noting the byte-order convention difference between BTS (low byte then high byte) and ME (high byte then low byte). No functional change - documentation only, to prevent future confusion when comparing wire captures between the two systems. | F87: Protocol (Decoder) | G87: Low | H87: 46293 | I87: Completed
A88: 88 | B88: Program Editor - Battery-Relative Units | C88: T-70 | D88: VN/CNom battery-relative units + download battery gate | E88: Renamed the voltage-per-cell unit token VNC -> VN throughout (editor validation, encoder, BatteryUnitResolver, tests). Added coefficient CNom (e.g. "0.2 CNom") support in Limit and Registration fields, resolving to Step Capacity (AhStep/0x3B/0x29) - distinct from the pre-existing bare CNom token, which resolves to Accumulated Capacity (0x3A/0x26). Gated ProgramEditor's hex-packet Download behind a battery-selection dialog when a program uses any battery-relative token (ACNx/VN/CNom), mirroring TransferDialog's existing requirement; previously threw BatteryUnitResolutionException uncaught. Fixed a real bug found live: OperatorConstants.AutoSpace (on-blur formatter) silently truncated "0.8 CNom" to "0.8 C" because CNom was not registered as a unit, so its fuzzy suffix-matcher fell back to "C" (Temperature) as the longest prefix match - fixed by registering CNom as a full unit token. | F88: Program Editor / Protocol Wire Encoding | G88: Medium | H88: 46289 | I88: Completed | J88: 808/808 tests passing (+33 this session). Live-verified end to end by the user: authored a 7-step program mixing VN/ACN5/CNom against a real 100Ah/1-cell battery, exported hex packets, and every byte (cutoff condition, registration type, scaled value, offset chain) matched the expected formulas by hand. Branch feature/VNC_ACN_CNom, commit d2e4551. Merged into Bug_Enhancement_Sept_2026 2026-09-30 (git merge --no-ff).
A89: 89 | B89: Program Editor - Battery-Relative Units | C89: T-71 | D89: Fix ACN limit field silently truncating unsupported numbered units | E89: User reported: typing "1 ACN7" into a Program Editor Limit field would not "stick" - it silently reverted after Enter/blur, while Nominal/Registration fields seemed fine. Root caused to OperatorConstants.AutoSpace's fuzzy suffix-matcher (FindNearestUnit): ACN7 is not a real ACNx divisor (only bare/1/2/4/5/10/20 exist per BatteryUnitResolver.HourDivisors), so the matcher found registered "ACN" as a prefix of "ACN7" and silently rewrote the value to "1 ACN", discarding the "7" with no error shown - same bug class as the T-53 CNom->C fix, recurring because ACN7 cannot simply be added to the valid-units list. Fixed by refusing the fuzzy match entirely when the typed suffix contains any digit, so an unsupported numbered unit is left exactly as typed and ValidateLimit/ValidateRegistration flag it red instead of silently substituting a different value. Live-verified in the running app (Chrome DevTools MCP): the Limit chip now shows "1 ACN7" in red instead of quietly becoming "1 ACN". | F89: Program Editor / Protocol Wire Encoding | G89: Medium | H89: 46294 | I89: Completed | J89: 813/813 tests passing (+5 regression tests added). Committed 427199e on feature/VNC_ACN_CNom. Merged into Bug_Enhancement_Sept_2026 2026-09-30 (git merge --no-ff).
A90: 90 | B90: Program Editor - Battery-Relative Units | C90: T-72 | D90: Generalize ACN divisor, require explicit non-zero coefficient/divisor | E90: Generalized the ACN family from a fixed hour-divisor set (bare/1/2/4/5/10/20) to any positive-integer divisor (ACN3, ACN7, ...) across Nominal Values, Limit, and Registration, resolving to Amps via the existing value x (capacity/divisor) formula (BatteryUnitResolver.Resolve, OperatorConstants.AutoSpace unit regex, ValidationHelper, NominalValuesEditor.razor on-blur unit lookup, ProgramBuilder CutoffCondition/RegistrationType hex-byte mapping). Then tightened validation so a zero divisor ("ACN0"), a zero coefficient ("0 ACN3"), and a bare "ACN" with no divisor typed at all (previously silently defaulted to 5h) are all rejected as errors instead of passing silently or only failing later at transfer time. BatteryUnitResolver.Resolve itself still defaults a bare "ACN" it is handed to 5h, for backward compatibility with already-saved programs - only the editor's acceptance of newly typed input was tightened. | F90: Program Editor / Protocol Wire Encoding | G90: Medium | H90: 46295 | I90: Completed | J90: 857/857 tests passing (+44 this branch: arbitrary-divisor resolution, zero/bare-divisor and zero-coefficient rejection across Nominal/Limit/Registration, end-to-end byte-packet parity for a non-standard divisor). Committed 4df2cee on feature/VNC_ACN_CNom, pushed to origin. Not yet live-verified in browser. Merged into Bug_Enhancement_Sept_2026 2026-09-30 (git merge --no-ff); resolved conflicts in DecoderService.cs (kept this branch's low-byte-first CRC fix, matches docs/PROTOCOL.md), OperatorConstants.cs/ValidationHelper.cs (combined with this branch's PERCAh work), ProgramToBytePacketTests.cs (concatenated both branches' new tests).
A91: 91 | B91: Program Editor - Battery-Relative Units | C91: T-73 | D91: Add design/reference docs for LOCKAh/PERCAh and BM program packet formats | E91: Committed four reference documents into WebAppME/docs/: the LOCKAh/PERCAh capacity-relative step-limit design (2026-09-17-percah-ahdef-design.md, covering the AhDef/PERCAh feature design and its LOCKAh=0x16 opcode resolution), the BM Program Frame Format V3.2 wire spec (bm_program_v3.2.md), and two Program Packet reference-notes revisions (v0.13 and v0.15) documenting step-data encoding worked examples including the V0.15 CNom/battery-context sample used for the ACN/CNom validation work in T-72. Docs only, no code change. | F91: Documentation | G91: Low | H91: 46295 | I91: Completed
A92: 92 | B92: Documentation | C92: T-74 | D92: Add "exe file tracker" docs folder | E92: Created WebAppME/docs/exe file tracker/ with a README.md placeholder describing its purpose (tracking notes for built WebAppME .exe files). README added because git does not track empty folders. Docs only, no code change. | F92: Documentation | G92: Low | H92: 46295 | I92: Completed | J92: Committed a0b06ef on Bug_Enhancement_Sept_2026.

Sheet Summary
B2: Summary Dashboard
B3: Auto-calculated from 'Task Sheet'.
B5: Status | C5: Count | D5: % of Total | F5: Category | G5: Total Tasks | H5: Pending | I5: Completed
B6: Pending | C6: =COUNTIF('Task Sheet'!$I$2:$I$60,B6) | D6: =C6/COUNTA('Task Sheet'!$I$2:$I$60) | F6: Data Layer (EF Core Migration) | G6: =COUNTIF('Task Sheet'!$F$2:$F$60,F6) | H6: =COUNTIFS('Task Sheet'!$F$2:$F$60,F6,'Task Sheet'!$I$2:$I$60,"Pending") | I6: =COUNTIFS('Task Sheet'!$F$2:$F$60,F6,'Task Sheet'!$I$2:$I$60,"Completed")
B7: In Progress | C7: =COUNTIF('Task Sheet'!$I$2:$I$60,B7) | D7: =C7/COUNTA('Task Sheet'!$I$2:$I$60) | F7: Data Layer (EF Core) | G7: =COUNTIF('Task Sheet'!$F$2:$F$60,F7) | H7: =COUNTIFS('Task Sheet'!$F$2:$F$60,F7,'Task Sheet'!$I$2:$I$60,"Pending") | I7: =COUNTIFS('Task Sheet'!$F$2:$F$60,F7,'Task Sheet'!$I$2:$I$60,"Completed")
B8: Completed | C8: =COUNTIF('Task Sheet'!$I$2:$I$60,B8) | D8: =C8/COUNTA('Task Sheet'!$I$2:$I$60) | F8: Data Layer (Repository) | G8: =COUNTIF('Task Sheet'!$F$2:$F$60,F8) | H8: =COUNTIFS('Task Sheet'!$F$2:$F$60,F8,'Task Sheet'!$I$2:$I$60,"Pending") | I8: =COUNTIFS('Task Sheet'!$F$2:$F$60,F8,'Task Sheet'!$I$2:$I$60,"Completed")
B9: Blocked | C9: =COUNTIF('Task Sheet'!$I$2:$I$60,B9) | D9: =C9/COUNTA('Task Sheet'!$I$2:$I$60) | F9: Data Model | G9: =COUNTIF('Task Sheet'!$F$2:$F$60,F9) | H9: =COUNTIFS('Task Sheet'!$F$2:$F$60,F9,'Task Sheet'!$I$2:$I$60,"Pending") | I9: =COUNTIFS('Task Sheet'!$F$2:$F$60,F9,'Task Sheet'!$I$2:$I$60,"Completed")
F10: Hardware / Simulator | G10: =COUNTIF('Task Sheet'!$F$2:$F$60,F10) | H10: =COUNTIFS('Task Sheet'!$F$2:$F$60,F10,'Task Sheet'!$I$2:$I$60,"Pending") | I10: =COUNTIFS('Task Sheet'!$F$2:$F$60,F10,'Task Sheet'!$I$2:$I$60,"Completed")
F11: Protocol (Decoder) | G11: =COUNTIF('Task Sheet'!$F$2:$F$60,F11) | H11: =COUNTIFS('Task Sheet'!$F$2:$F$60,F11,'Task Sheet'!$I$2:$I$60,"Pending") | I11: =COUNTIFS('Task Sheet'!$F$2:$F$60,F11,'Task Sheet'!$I$2:$I$60,"Completed")
F12: Protocol (Verification) | G12: =COUNTIF('Task Sheet'!$F$2:$F$60,F12) | H12: =COUNTIFS('Task Sheet'!$F$2:$F$60,F12,'Task Sheet'!$I$2:$I$60,"Pending") | I12: =COUNTIFS('Task Sheet'!$F$2:$F$60,F12,'Task Sheet'!$I$2:$I$60,"Completed")
F13: Protocol (Wire Encoding) | G13: =COUNTIF('Task Sheet'!$F$2:$F$60,F13) | H13: =COUNTIFS('Task Sheet'!$F$2:$F$60,F13,'Task Sheet'!$I$2:$I$60,"Pending") | I13: =COUNTIFS('Task Sheet'!$F$2:$F$60,F13,'Task Sheet'!$I$2:$I$60,"Completed")
F14: Protocol / Networking (TCP) | G14: =COUNTIF('Task Sheet'!$F$2:$F$60,F14) | H14: =COUNTIFS('Task Sheet'!$F$2:$F$60,F14,'Task Sheet'!$I$2:$I$60,"Pending") | I14: =COUNTIFS('Task Sheet'!$F$2:$F$60,F14,'Task Sheet'!$I$2:$I$60,"Completed")
F15: QA / Full-Solution Verification | G15: =COUNTIF('Task Sheet'!$F$2:$F$60,F15) | H15: =COUNTIFS('Task Sheet'!$F$2:$F$60,F15,'Task Sheet'!$I$2:$I$60,"Pending") | I15: =COUNTIFS('Task Sheet'!$F$2:$F$60,F15,'Task Sheet'!$I$2:$I$60,"Completed")
F16: Service Layer | G16: =COUNTIF('Task Sheet'!$F$2:$F$60,F16) | H16: =COUNTIFS('Task Sheet'!$F$2:$F$60,F16,'Task Sheet'!$I$2:$I$60,"Pending") | I16: =COUNTIFS('Task Sheet'!$F$2:$F$60,F16,'Task Sheet'!$I$2:$I$60,"Completed")
F17: Testing / Infra | G17: =COUNTIF('Task Sheet'!$F$2:$F$60,F17) | H17: =COUNTIFS('Task Sheet'!$F$2:$F$60,F17,'Task Sheet'!$I$2:$I$60,"Pending") | I17: =COUNTIFS('Task Sheet'!$F$2:$F$60,F17,'Task Sheet'!$I$2:$I$60,"Completed")
F18: Testing / Integration | G18: =COUNTIF('Task Sheet'!$F$2:$F$60,F18) | H18: =COUNTIFS('Task Sheet'!$F$2:$F$60,F18,'Task Sheet'!$I$2:$I$60,"Pending") | I18: =COUNTIFS('Task Sheet'!$F$2:$F$60,F18,'Task Sheet'!$I$2:$I$60,"Completed")
F19: Web API / Controller | G19: =COUNTIF('Task Sheet'!$F$2:$F$60,F19) | H19: =COUNTIFS('Task Sheet'!$F$2:$F$60,F19,'Task Sheet'!$I$2:$I$60,"Pending") | I19: =COUNTIFS('Task Sheet'!$F$2:$F$60,F19,'Task Sheet'!$I$2:$I$60,"Completed")
F20: Web UI (Blazor Dashboard) | G20: =COUNTIF('Task Sheet'!$F$2:$F$60,F20) | H20: =COUNTIFS('Task Sheet'!$F$2:$F$60,F20,'Task Sheet'!$I$2:$I$60,"Pending") | I20: =COUNTIFS('Task Sheet'!$F$2:$F$60,F20,'Task Sheet'!$I$2:$I$60,"Completed")
F21: Documentation | G21: =COUNTIF('Task Sheet'!$F$2:$F$60,F21) | H21: =COUNTIFS('Task Sheet'!$F$2:$F$60,F21,'Task Sheet'!$I$2:$I$60,"Pending") | I21: =COUNTIFS('Task Sheet'!$F$2:$F$60,F21,'Task Sheet'!$I$2:$I$60,"Completed")
F22: Feature / Notifications | G22: =COUNTIF('Task Sheet'!$F$2:$F$60,F22) | H22: =COUNTIFS('Task Sheet'!$F$2:$F$60,F22,'Task Sheet'!$I$2:$I$60,"Pending") | I22: =COUNTIFS('Task Sheet'!$F$2:$F$60,F22,'Task Sheet'!$I$2:$I$60,"Completed")
B23: Project / Plan | C23: Total Tasks | D23: Pending | E23: Completed
B24: Device/Board/Channel Hierarchy | C24: =COUNTIF('Task Sheet'!$B$2:$B$60,B24) | D24: =COUNTIFS('Task Sheet'!$B$2:$B$60,B24,'Task Sheet'!$I$2:$I$60,"Pending") | E24: =COUNTIFS('Task Sheet'!$B$2:$B$60,B24,'Task Sheet'!$I$2:$I$60,"Completed")
B25: Hardware Simulator | C25: =COUNTIF('Task Sheet'!$B$2:$B$60,B25) | D25: =COUNTIFS('Task Sheet'!$B$2:$B$60,B25,'Task Sheet'!$I$2:$I$60,"Pending") | E25: =COUNTIFS('Task Sheet'!$B$2:$B$60,B25,'Task Sheet'!$I$2:$I$60,"Completed")
B26: TCP Connection Multiplexing | C26: =COUNTIF('Task Sheet'!$B$2:$B$60,B26) | D26: =COUNTIFS('Task Sheet'!$B$2:$B$60,B26,'Task Sheet'!$I$2:$I$60,"Pending") | E26: =COUNTIFS('Task Sheet'!$B$2:$B$60,B26,'Task Sheet'!$I$2:$I$60,"Completed")
B27: Live-Test Bugfixes | C27: =COUNTIF('Task Sheet'!$B$2:$B$60,B27) | D27: =COUNTIFS('Task Sheet'!$B$2:$B$60,B27,'Task Sheet'!$I$2:$I$60,"Pending") | E27: =COUNTIFS('Task Sheet'!$B$2:$B$60,B27,'Task Sheet'!$I$2:$I$60,"Completed")
B28: Customer Deployment Documentation | C28: =COUNTIF('Task Sheet'!$B$2:$B$60,B28) | D28: =COUNTIFS('Task Sheet'!$B$2:$B$60,B28,'Task Sheet'!$I$2:$I$60,"Pending") | E28: =COUNTIFS('Task Sheet'!$B$2:$B$60,B28,'Task Sheet'!$I$2:$I$60,"Completed")
B29: UI Bug Fixes & QA Documentation | C29: =COUNTIF('Task Sheet'!$B$2:$B$60,B29) | D29: =COUNTIFS('Task Sheet'!$B$2:$B$60,B29,'Task Sheet'!$I$2:$I$60,"Pending") | E29: =COUNTIFS('Task Sheet'!$B$2:$B$60,B29,'Task Sheet'!$I$2:$I$60,"Completed")
B30: System Documentation & Dashboard Polish | C30: =COUNTIF('Task Sheet'!$B$2:$B$60,B30) | D30: =COUNTIFS('Task Sheet'!$B$2:$B$60,B30,'Task Sheet'!$I$2:$I$60,"Pending") | E30: =COUNTIFS('Task Sheet'!$B$2:$B$60,B30,'Task Sheet'!$I$2:$I$60,"Completed")
B31: Test Coverage Expansion | C31: =COUNTIF('Task Sheet'!$B$2:$B$60,B31) | D31: =COUNTIFS('Task Sheet'!$B$2:$B$60,B31,'Task Sheet'!$I$2:$I$60,"Pending") | E31: =COUNTIFS('Task Sheet'!$B$2:$B$60,B31,'Task Sheet'!$I$2:$I$60,"Completed")
B32: Dashboard Card & Dialog Enhancements | C32: =COUNTIF('Task Sheet'!$B$2:$B$60,B32) | D32: =COUNTIFS('Task Sheet'!$B$2:$B$60,B32,'Task Sheet'!$I$2:$I$60,"Pending") | E32: =COUNTIFS('Task Sheet'!$B$2:$B$60,B32,'Task Sheet'!$I$2:$I$60,"Completed")
